{
    "characterName": "Eliada",
    "pnj": false,
    "state": "",
    "remainingHP": 0,
    "remainingMP": 0,
    "maxHP": 9,
    "maxMP": 12,
    "gold": 0,
    "silver": 0,
    "copper": 0,
    "color": [
        61,
        173,
        204
    ],
    "stats": {
        "force": 40,
        "defense": 15,
        "adresse": 65,
        "agilite": 60,
        "vitesse": 40,
        "seduction": 10,
        "intimidation": 20,
        "rhetorique": 60,
        "premiereImpression": 60,
        "dressage": 10,
        "magie": 75,
        "erudition": 50,
        "perception": 60,
        "resistanceMentale": 30,
        "sangFroid": 45
    },
    "permanentStatsBonuses": {
        "force": 0,
        "defense": 10,
        "adresse": 0,
        "agilite": 0,
        "vitesse": 0,
        "seduction": 0,
        "intimidation": 0,
        "rhetorique": 0,
        "premiereImpression": 0,
        "dressage": 0,
        "magie": 0,
        "erudition": 0,
        "perception": 0,
        "resistanceMentale": 0,
        "sangFroid": 0
    },
    "temporaryStatsBonuses": {
        "force": 0,
        "defense": 0,
        "adresse": 0,
        "agilite": 0,
        "vitesse": 0,
        "seduction": 0,
        "intimidation": 0,
        "rhetorique": 0,
        "premiereImpression": 0,
        "dressage": 0,
        "magie": 0,
        "erudition": 0,
        "perception": 0,
        "resistanceMentale": 0,
        "sangFroid": 0
    },
    "weapons": [
        {
            "weaponName": "Arc",
            "diceNumber": 1,
            "damages": 4,
            "bonusDamages": 2,
            "range": 50.0
        },
        {
            "weaponName": "Dague",
            "diceNumber": 1,
            "damages": 6,
            "bonusDamages": 0,
            "range": 0.0
        }
    ],
    "abilities": [
        {
            "abilityName": "Boule élémentaire 1",
            "diceNumber": 1,
            "damages": 2,
            "bonusDamages": 3,
            "range": 0.0,
            "pmCost": 1,
            "description": ""
        },
        {
            "abilityName": "Boule élémentaire 2",
            "diceNumber": 1,
            "damages": 4,
            "bonusDamages": 3,
            "range": 0.0,
            "pmCost": 2,
            "description": ""
        },
        {
            "abilityName": "Boule élémentaire 3",
            "diceNumber": 1,
            "damages": 6,
            "bonusDamages": 3,
            "range": 0.0,
            "pmCost": 3,
            "description": ""
        },
        {
            "abilityName": "Boule élémentaire 4",
            "diceNumber": 1,
            "damages": 8,
            "bonusDamages": 3,
            "range": 0.0,
            "pmCost": 4,
            "description": ""
        },
        {
            "abilityName": "Flèche de feu",
            "diceNumber": 1,
            "damages": 4,
            "bonusDamages": 4,
            "range": 50.0,
            "pmCost": 0,
            "description": "Une action pour mettre le feu à la flèche."
        }
    ],
    "items": [
        {
            "itemName": "Flèches standard",
            "quantity": 20,
            "description": ""
        },
        {
            "itemName": "Flèches ignifuges",
            "quantity": 9,
            "description": "Usage unique"
        },
        {
            "itemName": "Flèche incendiaire",
            "quantity": 1,
            "description": "Usage multiple"
        },
        {
            "itemName": "Corde",
            "quantity": 1,
            "description": ""
        },
        {
            "itemName": "Couverture",
            "quantity": 1,
            "description": ""
        },
        {
            "itemName": "Bague chelou",
            "quantity": 1,
            "description": "Pour reconnaître un gars après armure de Mithril"
        }
    ]
}
